{"schemaVersion":"1.0","appDefinitionTemplate":{"id":"/providers/Microsoft.PowerApps/apps/","type":"Microsoft.PowerApps/apps","tags":{"minimumRequiredApiVersion":"2.2.0"},"properties":{"appVersion":"2018-08-06T03:50:31Z","lifeCycleId":"Published","createdByClientVersion":{"major":3,"minor":18074,"build":16,"revision":0,"majorRevision":0,"minorRevision":0},"minClientVersion":{"major":3,"minor":18074,"build":16,"revision":0,"majorRevision":0,"minorRevision":0},"backgroundColor":"rgba(1, 131, 134, 1)","backgroundImageUri":"/4905850905352498819/N786800b8-d8b6-4475-afa9-2a788ef306fa-logoSmallFile","displayName":"Specialist Request","description":"","appUris":{"documentUri":{"value":"/4905850905352498819/N2030920b-68b0-481f-a178-bb8981df5e33-document.msapp","readonlyValue":"/4905850905352498819/N2030920b-68b0-481f-a178-bb8981df5e33-document.msapp"},"imageUris":[]},"createdTime":"0001-01-01T00:00:00Z","lastModifiedTime":"0001-01-01T00:00:00Z","sharedGroupsCount":0,"sharedUsersCount":0,"icons":{"smallIconUri":"/4905850905352498819/N690955ba-c0f3-4da1-97b8-47426e147f94-small.png","mediumIconUri":"/4905850905352498819/N946a3340-2dae-43c7-9d19-7b0413aa5431-medium.png","largeIconUri":"/4905850905352498819/N33c52980-f5c4-4cef-8882-92daad0e8432-large.png","wideIconUri":"/4905850905352498819/N20e049ab-185b-4fc5-8cbf-724ab4e0b3b8-wide.png"},"connectionReferences":{"7c05a1c9-7cd0-49bb-8c01-2722fe4a0a5f":{"id":"138d69c6-1a51-4204-896d-99da3bedff0a","displayName":"SharePoint","iconUri":"https://connectoricons-prod.azureedge.net/sharepointonline/icon_1.0.1019.1195.png","dataSources":["SpecialistRequests"],"dependencies":[],"dependents":[],"parameterHints":{},"isOnPremiseConnection":false,"bypassConsent":false,"dataSets":{"https://mqunistudent.sharepoint.com/sites/Specialist":{"dataSources":{"SpecialistRequests":{"tableName":"17026256-2385-47a6-ace2-642ad7ee5446"}}}},"apiTier":"Standard"}}}}}